{"cameraMode":{"drawMode":0,"name":"Shaded","section":"Shading Mode"},"sceneLighting":true,"audioPlay":false,"sceneViewState":{"showFog":false,"showMaterialUpdate":false,"showSkybox":false,"showFlares":false,"showImageEffects":false,"showParticleSystems":false},"in2DMode":false,"pivot":{"x":1.2853562831878663,"y":0.0970001220703125,"z":0.8879184722900391},"rotation":{"x":-0.26252925395965578,"y":-0.3884778618812561,"z":0.11648613214492798,"w":-0.8755776286125183},"size":2.448704719543457,"orthographic":false}