{"cameraMode":{"drawMode":0,"name":"Shaded","section":"Shading Mode"},"sceneLighting":true,"audioPlay":false,"sceneViewState":{"showFog":false,"showMaterialUpdate":false,"showSkybox":false,"showFlares":false,"showImageEffects":false,"showParticleSystems":false},"in2DMode":false,"pivot":{"x":59.594539642333987,"y":-25.274396896362306,"z":15.923433303833008},"rotation":{"x":-0.15802502632141114,"y":-0.40202558040618899,"z":0.06272446364164353,"w":-0.8997179865837097},"size":45.53789138793945,"orthographic":false}