{"cameraMode":{"drawMode":0,"name":"Shaded","section":"Shading Mode"},"sceneLighting":true,"audioPlay":false,"sceneViewState":{"showFog":false,"showMaterialUpdate":false,"showSkybox":false,"showFlares":false,"showImageEffects":false,"showParticleSystems":false},"in2DMode":false,"pivot":{"x":4.777061462402344,"y":0.9210729598999023,"z":-19.95508575439453},"rotation":{"x":0.04428568482398987,"y":0.6331769824028015,"z":-0.03632703423500061,"w":0.7718871831893921},"size":12.862425804138184,"orthographic":false}