{"cameraMode":{"drawMode":0,"name":"Shaded","section":"Shading Mode"},"sceneLighting":true,"audioPlay":false,"sceneViewState":{"showFog":false,"showMaterialUpdate":false,"showSkybox":false,"showFlares":false,"showImageEffects":false,"showParticleSystems":false},"in2DMode":false,"pivot":{"x":-29.06999969482422,"y":1.880000114440918,"z":-1.1000003814697266},"rotation":{"x":0.08378607034683228,"y":0.9077451229095459,"z":-0.21809683740139008,"w":0.34853804111480715},"size":17.32050895690918,"orthographic":false}